{"Version":"1.0.0.0","LastState":11,"Modules":[{"ValidatedSteerId":3,"ValidatedDriveId":0,"ValidatedEncoderId":8,"IsEncoderOffsetConfigured":true,"IsDeviceSelectionCompleted":true,"IsConfigurationCompleted":true,"ModuleName":"Front Left","ModuleId":0,"Encoder":{"Id":8,"Name":"FL_Encoder","Model":"CANCoder vers. H","CANbus":"A459BD43394C485320202050133918FF","CANbusFriendly":"The Magic Can Bus"},"SteerMotor":{"Id":3,"Name":"FL_Steer","Model":"Talon FX vers. C","CANbus":"A459BD43394C485320202050133918FF","CANbusFriendly":"The Magic Can Bus"},"DriveMotor":{"Id":0,"Name":"FL_drive","Model":"Talon FX vers. C","CANbus":"A459BD43394C485320202050133918FF","CANbusFriendly":"The Magic Can Bus"},"IsSteerInverted":false,"EncoderOffset":-0.087158203125,"DriveMotorSelectionState":1,"SteerMotorSelectionState":1,"SteerEncoderSelectionState":1,"IsModuleValidationComplete":true},{"ValidatedSteerId":4,"ValidatedDriveId":7,"ValidatedEncoderId":2,"IsEncoderOffsetConfigured":true,"IsDeviceSelectionCompleted":true,"IsConfigurationCompleted":true,"ModuleName":"Front Right","ModuleId":1,"Encoder":{"Id":2,"Name":"FR_Encoder","Model":"CANCoder vers. H","CANbus":"A459BD43394C485320202050133918FF","CANbusFriendly":"The Magic Can Bus"},"SteerMotor":{"Id":4,"Name":"FR_Steer","Model":"Talon FX vers. C","CANbus":"A459BD43394C485320202050133918FF","CANbusFriendly":"The Magic Can Bus"},"DriveMotor":{"Id":7,"Name":"FR_Drive","Model":"Talon FX vers. C","CANbus":"A459BD43394C485320202050133918FF","CANbusFriendly":"The Magic Can Bus"},"IsSteerInverted":false,"EncoderOffset":0.444091796875,"DriveMotorSelectionState":1,"SteerMotorSelectionState":1,"SteerEncoderSelectionState":1,"IsModuleValidationComplete":true},{"ValidatedSteerId":6,"ValidatedDriveId":9,"ValidatedEncoderId":10,"IsEncoderOffsetConfigured":true,"IsDeviceSelectionCompleted":true,"IsConfigurationCompleted":true,"ModuleName":"Back Left","ModuleId":2,"Encoder":{"Id":10,"Name":"BL_Encoder","Model":"CANCoder vers. H","CANbus":"A459BD43394C485320202050133918FF","CANbusFriendly":"The Magic Can Bus"},"SteerMotor":{"Id":6,"Name":"BL_Steer","Model":"Talon FX vers. C","CANbus":"A459BD43394C485320202050133918FF","CANbusFriendly":"The Magic Can Bus"},"DriveMotor":{"Id":9,"Name":"BL_Drive","Model":"Talon FX vers. C","CANbus":"A459BD43394C485320202050133918FF","CANbusFriendly":"The Magic Can Bus"},"IsSteerInverted":false,"EncoderOffset":-0.3857421875,"DriveMotorSelectionState":1,"SteerMotorSelectionState":1,"SteerEncoderSelectionState":1,"IsModuleValidationComplete":true},{"ValidatedSteerId":1,"ValidatedDriveId":5,"ValidatedEncoderId":13,"IsEncoderOffsetConfigured":true,"IsDeviceSelectionCompleted":true,"IsConfigurationCompleted":true,"ModuleName":"Back Right","ModuleId":3,"Encoder":{"Id":13,"Name":"BR_Encoder","Model":"CANCoder vers. H","CANbus":"A459BD43394C485320202050133918FF","CANbusFriendly":"The Magic Can Bus"},"SteerMotor":{"Id":1,"Name":"BR_Steer","Model":"Talon FX vers. C","CANbus":"A459BD43394C485320202050133918FF","CANbusFriendly":"The Magic Can Bus"},"DriveMotor":{"Id":5,"Name":"BR_Drive","Model":"Talon FX vers. C","CANbus":"A459BD43394C485320202050133918FF","CANbusFriendly":"The Magic Can Bus"},"IsSteerInverted":false,"EncoderOffset":-0.486328125,"DriveMotorSelectionState":1,"SteerMotorSelectionState":1,"SteerEncoderSelectionState":1,"IsModuleValidationComplete":true}],"SwerveOptions":{"IsValidConfiguration":true,"Gyro":{"Id":22,"Name":"Pigeon 2 (Device ID 22)","Model":"Pigeon 2","CANbus":"A459BD43394C485320202050133918FF","CANbusFriendly":"The Magic Can Bus"},"IsValidGyroCANbus":true,"VerticalTrackSizeInches":20.25,"HorizontalTrackSizeInches":20.25,"WheelRadiusInches":2.0,"IsLeftSideInverted":false,"IsRightSideInverted":true,"SwerveModuleType":4,"SwerveModuleConfiguration":{"_CouplingRatio":3.125,"_CustomName":"L3 16T","SteerRatio":21.428571428571427,"Flipped":4,"DriveRatio":5.357142857142857,"CouplingRatio":3.125,"CustomName":"L3 16T"},"HasVerifiedSteer":false,"HasVerifiedDrive":false}}